{
	"providers": [
		{
			"type": "bitmap",
			"file": "minecraft:ranks/admin.png",
			"ascent": 7,
			"height": 8,
			"chars": [""]
		},
		{
			"type": "bitmap",
			"file": "minecraft:ranks/dev.png",
			"ascent": 7,
			"height": 8,
			"chars": [""]
		},
		{
			"type": "bitmap",
			"file": "minecraft:ranks/elite.png",
			"ascent": 7,
			"height": 8,
			"chars": [""]
		},
		{
			"type": "bitmap",
			"file": "minecraft:ranks/god.png",
			"ascent": 7,
			"height": 8,
			"chars": [""]
		},
		{
			"type": "bitmap",
			"file": "minecraft:ranks/helper.png",
			"ascent": 7,
			"height": 8,
			"chars": [""]
		},
		{
			"type": "bitmap",
			"file": "minecraft:ranks/mod.png",
			"ascent": 7,
			"height": 8,
			"chars": [""]
		},
		{
			"type": "bitmap",
			"file": "minecraft:ranks/mvp.png",
			"ascent": 7,
			"height": 8,
			"chars": [""]
		},
		{
			"type": "bitmap",
			"file": "minecraft:ranks/mvpplus.png",
			"ascent": 7,
			"height": 8,
			"chars": [""]
		},
		{
			"type": "bitmap",
			"file": "minecraft:ranks/owner.png",
			"ascent": 7,
			"height": 8,
			"chars": [""]
		},
		{
			"type": "bitmap",
			"file": "minecraft:ranks/twitch.png",
			"ascent": 7,
			"height": 8,
			"chars": [""]
		},
		{
			"type": "bitmap",
			"file": "minecraft:ranks/vip.png",
			"ascent": 7,
			"height": 8,
			"chars": [""]
		},
		{
			"type": "bitmap",
			"file": "minecraft:ranks/vipplus.png",
			"ascent": 7,
			"height": 8,
			"chars": [""]
		},
		{
			"type": "bitmap",
			"file": "minecraft:ranks/member.png",
			"ascent": 7,
			"height": 8,
			"chars": [""]
		}
	]
}
